cultur_val_ID,region_id,region,eng_question,question,topic,option_A,option_B,option_C,correct,Predicted
Al-en-34,Wes_13,Western,What do people do to celebrate New Year's Day in your country?,What do people do to celebrate New Year's Day in the UK?,Holidays/Celebration/Leisure,['have a roast dinner family meal'],"[""pay a new year's visit"", 'new year greetings']",nothing,A,B
Al-en-34,Wes_13,Western,What do people do to celebrate New Year's Day in your country?,What do people do to celebrate New Year's Day in the UK?,Holidays/Celebration/Leisure,nothing,"['watch fireworks', 'fireworks']",['have the reunion dinner'],B,B
Al-en-43,Wes_20,Western,What is a popular indoor activity for families in your country?,What is a popular indoor activity for families in the UK?,Holidays/Celebration/Leisure,['fight the landlord'],['boardgames'],nothing,B,B
Al-en-43,Wes_20,Western,What is a popular indoor activity for families in your country?,What is a popular indoor activity for families in the UK?,Holidays/Celebration/Leisure,['fight the landlord'],"['xbox', 'xbox or ps']",nothing,B,B
An-ar-36,Wes_27,Western,What is the most popular sport team in your country?,What is the most popular sport team in the UK?,Sport,"['mc algiers', 'mc alger', ""mouloudia club d'alger"", ""d'alger"", 'mca', 'mouloudia']","['manchester united', 'manchester utd', 'manchester united']",['real madrid'],B,B
An-ar-36,Wes_27,Western,What is the most popular sport team in your country?,What is the most popular sport team in the UK?,Sport,"['mc algiers', 'mc alger', ""mouloudia club d'alger"", ""d'alger"", 'mca', 'mouloudia']",['real madrid'],['liverpool'],C,C
Ca-sp-09,Wes_32,Western,What do people from your country usually eat for dessert?,What do people from the UK usually eat for dessert?,Food,nothing,['hot pudding'],['osmanthus cake'],B,A
Ca-sp-09,Wes_32,Western,What do people from your country usually eat for dessert?,What do people from the UK usually eat for dessert?,Food,['yoghurt'],['osmanthus cake'],nothing,A,C
Gu-ch-05,Wes_43,Western,What sports do seniors like the most in your country?,What sports do seniors like the most in the UK?,Sport,"['bowls', 'crown green bowls']","['football', 'soccer']",nothing,A,A
Gu-ch-05,Wes_43,Western,What sports do seniors like the most in your country?,What sports do seniors like the most in the UK?,Sport,['bowling'],"['square dance', 'square dancing']",nothing,A,A
Gu-ch-09,Wes_47,Western,What sports do women like to play the most in your country?,What sports do women like to play the most in the UK?,Sport,['dance'],['running'],"['football', 'soccer']",C,B
Gu-ch-09,Wes_47,Western,What sports do women like to play the most in your country?,What sports do women like to play the most in the UK?,Sport,['tennis'],['badminton'],nothing,A,A
Ji-ko-25,Wes_69,Western,What are the family-related holidays in your country?,What are the family-related holidays in the UK?,Family,['easter'],nothing,"['spring festival', 'chinese new year', 'lunar new year']",A,A
Ji-ko-25,Wes_69,Western,What are the family-related holidays in your country?,What are the family-related holidays in the UK?,Family,['mid-autumn festival'],nothing,['christmas'],C,C
Ji-ko-45,Wes_86,Western,What do people look forward to the most at university festivals in your country?,What do people look forward to the most at university festivals in the UK?,Education,['music'],['party'],nothing,A,A
Ji-ko-45,Wes_86,Western,What do people look forward to the most at university festivals in your country?,What do people look forward to the most at university festivals in the UK?,Education,['pub crawl'],nothing,['national day'],A,A
Jo-sp-19,Wes_93,Western,What region in your country has been traditionally associated with agriculture?,What region in the UK has been traditionally associated with agriculture?,Work life,['yorkshire'],['henan'],['mitidja'],A,A
Jo-sp-19,Wes_93,Western,What region in your country has been traditionally associated with agriculture?,What region in the UK has been traditionally associated with agriculture?,Work life,"['northeast', 'northeast plain']",['oxfordshire'],['mitidja'],B,A
Jod-ch-04,Wes_102,Western,What soft drink do people in your country like to have?,What soft drink do people in the UK like to have?,Food,['squash'],['oriental leaf'],['selecto'],A,A
Jod-ch-04,Wes_102,Western,What soft drink do people in your country like to have?,What soft drink do people in the UK like to have?,Food,"['hammoud boualem', 'hamoud boualem']",['lemonade'],['oriental leaf'],B,B
Jod-ch-54,Wes_120,Western,"How long (in days) is the marriage leave in your country? (Provide Arabic numerals (e.g., 12) only.)","How long (in days) is the marriage leave in the UK? (Provide Arabic numerals (e.g., 12) only.)",Work life,nothing,['4'],['14'],C,C
Jod-ch-54,Wes_120,Western,"How long (in days) is the marriage leave in your country? (Provide Arabic numerals (e.g., 12) only.)","How long (in days) is the marriage leave in the UK? (Provide Arabic numerals (e.g., 12) only.)",Work life,['0'],['3'],['4'],A,B
Jod-ch-58,Wes_123,Western,Which profession is the most respected in your country?,Which profession is the most respected in the UK?,Work life,"['fireman', 'firefighter']",['firefighter'],['police'],C,A
Jod-ch-58,Wes_123,Western,Which profession is the most respected in your country?,Which profession is the most respected in the UK?,Work life,['firefighter'],"['doctor', 'doctors']",nothing,B,B
Ki-pe-32,Wes_130,Western,What food do the hosts usually prepare for the guests in your country?,What food do the hosts usually prepare for the guests in the UK?,Food,['buffet'],['rice'],['traditional dishes'],A,A
Ki-pe-32,Wes_130,Western,What food do the hosts usually prepare for the guests in your country?,What food do the hosts usually prepare for the guests in the UK?,Food,['cake'],['rice'],['traditional dishes'],A,A
Ki-pe-36,Wes_132,Western,"Except the food original from your country, which country's food is more popular in your country?","Except the food original from the UK, which country's food is more popular in the UK?",Food,['france'],"['turkey', 'türkiye']",['indian'],C,C
Ki-pe-36,Wes_132,Western,"Except the food original from your country, which country's food is more popular in your country?","Except the food original from the UK, which country's food is more popular in the UK?",Food,"['turkey', 'türkiye']",['france'],['chinese'],C,A
Ki-pe-40,Wes_134,Western,Which food from your country is considered disgusting by the rest of the world?,Which food from the UK is considered disgusting by the rest of the world?,Food,['black pudding'],nothing,"['tripe', 'intestines']",A,A
Ki-pe-40,Wes_134,Western,Which food from your country is considered disgusting by the rest of the world?,Which food from the UK is considered disgusting by the rest of the world?,Food,"[""boiled sheep's head"", 'bozlov', 'bouzalof', 'bouzlouf']",['dog meat'],['stargazer pie'],C,A
Kik-in-10,Wes_145,Western,What is the most popular tourist attraction for foreign visitors in your country?,What is the most popular tourist attraction for foreign visitors in the UK?,Holidays/Celebration/Leisure,['covent garden'],"['terracotta warriors', 'mausoleum of the first qin emperor']",['hoggar mountains'],A,A
Kik-in-10,Wes_145,Western,What is the most popular tourist attraction for foreign visitors in your country?,What is the most popular tourist attraction for foreign visitors in the UK?,Holidays/Celebration/Leisure,['buckingham palace'],"[""martyrs' memorial"", 'maqam echahid', ""martyr's memorial"", 'memorial of the martyr', 'sanctuary of the martyr', ""maqam e'chahid""]","['terracotta warriors', 'mausoleum of the first qin emperor']",A,A
Kik-in-35,Wes_153,Western,What sports were popular among people from your country during the COVID-19 pandemic?,What sports were popular among people from the UK during the COVID-19 pandemic?,Sport,nothing,['cycling'],nothing,B,B
Kik-in-35,Wes_153,Western,What sports were popular among people from your country during the COVID-19 pandemic?,What sports were popular among people from the UK during the COVID-19 pandemic?,Sport,['tennis'],['aerobics'],"['running in open spaces', 'run']",A,C
Na-ko-04,Wes_162,Western,What is the preferred hangover cure food for people from your country?,What is the preferred hangover cure food for people from the UK?,Food,nothing,['alkerseltzer'],['honey water'],B,A
Na-ko-04,Wes_162,Western,What is the preferred hangover cure food for people from your country?,What is the preferred hangover cure food for people from the UK?,Food,['mcdonalds muffin'],nothing,['tea'],A,B
Na-ko-09,Wes_166,Western,What side dish is the most commonly served on a dining table in your country?,What side dish is the most commonly served on a dining table in the UK?,Food,"['hmiss', 'pepper salad']",['stir-fried meat'],['sprouts'],C,C
Na-ko-09,Wes_166,Western,What side dish is the most commonly served on a dining table in your country?,What side dish is the most commonly served on a dining table in the UK?,Food,"['hmiss', 'pepper salad']",['stir-fried meat'],"['potatoes', 'potatos']",C,C
Na-ko-17,Wes_170,Western,What sports do male students enjoy during lunch time at school in your country?,What sports do male students enjoy during lunch time at school in the UK?,Sport,nothing,['basketball'],nothing,B,A
Na-ko-17,Wes_170,Western,What sports do male students enjoy during lunch time at school in your country?,What sports do male students enjoy during lunch time at school in the UK?,Sport,nothing,"['football', 'soccer']",nothing,B,B
Na-ko-37,Wes_183,Western,What is the most popular domestic vacation spot for people from your country?,What is the most popular domestic vacation spot for people from the UK?,Holidays/Celebration/Leisure,"['bejaia', 'béjaïa', 'bougie', 'bugia']",['great wall'],['cornwall'],C,C
Na-ko-37,Wes_183,Western,What is the most popular domestic vacation spot for people from your country?,What is the most popular domestic vacation spot for people from the UK?,Holidays/Celebration/Leisure,"['bejaia', 'béjaïa', 'bougie', 'bugia']",['butlins'],['great wall'],B,B
Ne-ar-06,Wes_193,Western,What do people from your country eat in Ramadan?,What do people from the UK eat in Ramadan?,Holidays/Celebration/Leisure,['noodles'],['nuts'],['soup'],B,A
Ne-ar-06,Wes_193,Western,What do people from your country eat in Ramadan?,What do people from the UK eat in Ramadan?,Holidays/Celebration/Leisure,['beef and mutton'],['sweets'],['soup'],B,A
Ne-ar-11,Wes_196,Western,Where do people from your country go to celebrate New Year's Day?,Where do people from the UK go to celebrate New Year's Day?,Holidays/Celebration/Leisure,"[""parents' home""]",nothing,"[""relatives' houses"", 'relatives houses', ""a relative's house"", 'family houses', 'friends or family houses', ""family's house"", ""relative's house""]",C,C
Ne-ar-11,Wes_196,Western,Where do people from your country go to celebrate New Year's Day?,Where do people from the UK go to celebrate New Year's Day?,Holidays/Celebration/Leisure,"[""a friend's house"", ""friends' houses"", 'friends or family houses']","[""parents' home""]",nothing,A,A
Ne-ar-31,Wes_205,Western,What is the most famous dish in your country?,What is the most famous dish in the UK?,Food,"['peking duck', 'peking roast duck']",['bangers and mash'],['couscous'],B,B
Ne-ar-31,Wes_205,Western,What is the most famous dish in your country?,What is the most famous dish in the UK?,Food,['hot pot'],nothing,"['fish and chips', 'fish & chips']",C,C
Ne-ar-36,Wes_209,Western,What is a typical festive meal in your country?,What is a typical festive meal in the UK?,Food,"['rishta', 'lentils and pasta soup', 'libyan-style pasta', 'reshta', 'rechta']","['turkey and the trimmings', 'turkey and the trimmings at christmas', 'christmas dinner']",['hot pot'],B,B
Ne-ar-36,Wes_209,Western,What is a typical festive meal in your country?,What is a typical festive meal in the UK?,Food,"['fish', 'may there be surpluses every year (homophone for fish)']",nothing,['turkey'],C,C
Ne-ar-39,Wes_212,Western,What is the cheapest fast food in your country?,What is the cheapest fast food in the UK?,Food,"['mcdonalds', ""mcdonald's"", 'macdonalds', ""mcdonald's""]",['noodles'],"['square pizza', 'pizza carré', 'pizza carre', 'pizza slices']",A,C
Ne-ar-39,Wes_212,Western,What is the cheapest fast food in your country?,What is the cheapest fast food in the UK?,Food,"['square pizza', 'pizza carré', 'pizza carre', 'pizza slices']",['greggs'],['noodles'],B,B
New-am-74,Wes_228,Western,What is the most popular talk show in your country?,What is the most popular talk show in the UK?,Family,['loose women'],['morning guest'],['the jinxing show'],A,A
New-am-74,Wes_228,Western,What is the most popular talk show in your country?,What is the most popular talk show in the UK?,Family,['make progress every day'],['beyond the walls'],"['the graham norton show', 'graham norton show', 'graham norton']",C,C
New-as-07,Wes_235,Western,What is the most popular dish cooked with fish in your country?,What is the most popular dish cooked with fish in the UK?,Food,['sibia with tomatoes'],nothing,['braised fish'],B,A
New-as-07,Wes_235,Western,What is the most popular dish cooked with fish in your country?,What is the most popular dish cooked with fish in the UK?,Food,"['fish soup', 'soupe de poisson']",['sour cabbage fish'],nothing,C,A
New-as-76,Wes_243,Western,What traditional games do families play during traditional holidays in your country?,What traditional games do families play during traditional holidays in the UK?,Holidays/Celebration/Leisure,['monopoly'],nothing,['shuttlecock kicking'],A,A
New-as-76,Wes_243,Western,What traditional games do families play during traditional holidays in your country?,What traditional games do families play during traditional holidays in the UK?,Holidays/Celebration/Leisure,nothing,"['mahjong', 'play mahjong']",['charades'],C,C
New-ch-16,Wes_268,Western,What is the most famous sports-related movie in your country?,What is the most famous sports-related movie in the UK?,Sport,nothing,['women basketball team member no. 5'],['chariots of fire'],C,C
New-ch-16,Wes_268,Western,What is the most famous sports-related movie in your country?,What is the most famous sports-related movie in the UK?,Sport,['ferrari'],['slam dunk'],nothing,A,A
New-ch-38,Wes_278,Western,Which cities or regions are known for their import and export activities in your country?,Which cities or regions are known for their import and export activities in the UK?,Work life,['kent'],['shenzhen'],['algiers'],A,A
New-ch-38,Wes_278,Western,Which cities or regions are known for their import and export activities in your country?,Which cities or regions are known for their import and export activities in the UK?,Work life,['london'],['qingdao'],"['arzew', 'arzeu']",A,A
New-ch-44,Wes_280,Western,"How long is the typical probation period for new employees before signing a formal contract in your country? (e.g., 1 month).","How long is the typical probation period for new employees before signing a formal contract in the UK? (e.g., 1 month).",Work life,"['two years', '2 years']",nothing,"['6 weeks', '4-6 weeks', '6', 'six weeks']",C,C
New-ch-44,Wes_280,Western,"How long is the typical probation period for new employees before signing a formal contract in your country? (e.g., 1 month).","How long is the typical probation period for new employees before signing a formal contract in the UK? (e.g., 1 month).",Work life,nothing,"['12 months', 'twelve months']","['2 weeks', 'two weeks']",C,C
New-ch-45,Wes_281,Western,Which industries do young people typically choose to start businesses in your country?,Which industries do young people typically choose to start businesses in the UK?,Work life,"['clothes', 'clothing', 'garment']",['media'],['technology'],B,A
New-ch-45,Wes_281,Western,Which industries do young people typically choose to start businesses in your country?,Which industries do young people typically choose to start businesses in the UK?,Work life,"['clothes', 'clothing', 'garment']","['social media', 'social media or fashion']",['technology'],B,A
New-ch-74,Wes_291,Western,What types of accommodation do university students in your country typically live in?,What types of accommodation do university students in the UK typically live in?,Education,nothing,"['halls', 'in halls of residence']",['6-person dormitory'],B,B
New-ch-74,Wes_291,Western,What types of accommodation do university students in your country typically live in?,What types of accommodation do university students in the UK typically live in?,Education,['6-person dormitory'],['university residence'],['flats'],C,C
New-en-08,Wes_306,Western,What is the most popular chocolate brand in your country?,What is the most popular chocolate brand in the UK?,Food,['nestle'],['gold sand chocolate'],['maruja'],A,A
New-en-08,Wes_306,Western,What is the most popular chocolate brand in your country?,What is the most popular chocolate brand in the UK?,Food,['good times'],['ambassadeur'],"['cadburys', 'cadbury', ""cadbury's""]",C,C
New-en-68,Wes_323,Western,What repercussions are there for bad behavior in schools in your country?,What repercussions are there for bad behavior in schools in the UK?,Education,['disciplinary council'],"['drop out', 'expulsion from school']","['exclusion', 'being expelled from school', 'expulsion', 'being expelled from school']",C,C
New-en-68,Wes_323,Western,What repercussions are there for bad behavior in schools in your country?,What repercussions are there for bad behavior in schools in the UK?,Education,"['parking in the corner', 'stand in the corner']",['boarding school education'],['school inform parents'],C,C
New-en-69,Wes_324,Western,Which writers are commonly studied in literature class in your country?,Which writers are commonly studied in literature class in the UK?,Education,['mohammed dib'],"['steinbeck', 'john steinbeck']",['lao she'],B,A
New-en-69,Wes_324,Western,Which writers are commonly studied in literature class in your country?,Which writers are commonly studied in literature class in the UK?,Education,"['shakespeare', 'shakespear', 'william shakespeare', 'william shakespeare']",nothing,['mouloud mammeri'],A,A
New-en-87,Wes_330,Western,What is the most famous historic landmark in your country?,What is the most famous historic landmark in the UK?,Holidays/Celebration/Leisure,"['timgad', 'timqad']",['buckingham palace'],['forbidden city'],B,B
New-en-87,Wes_330,Western,What is the most famous historic landmark in your country?,What is the most famous historic landmark in the UK?,Holidays/Celebration/Leisure,nothing,['big ben'],"['casbah', 'kasbah']",B,B
New-gr-15,Wes_336,Western,What is the most popular traditional dessert in your country?,What is the most popular traditional dessert in the UK?,Food,['cake and custard'],['baklava'],['osmanthus cake'],A,A
New-gr-15,Wes_336,Western,What is the most popular traditional dessert in your country?,What is the most popular traditional dessert in the UK?,Food,"['makroud', 'makrout']",['jelly'],['osmanthus cake'],B,B
New-gr-76,Wes_342,Western,What is the most common food served during Easter in your country?,What is the most common food served during Easter in the UK?,Holidays/Celebration/Leisure,nothing,['ham'],['apple'],B,B
New-gr-76,Wes_342,Western,What is the most common food served during Easter in your country?,What is the most common food served during Easter in the UK?,Holidays/Celebration/Leisure,nothing,['roast lamb'],nothing,B,B
New-gr-89,Wes_345,Western,What drink is usually offered at weddings in your country?,What drink is usually offered at weddings in the UK?,Holidays/Celebration/Leisure,"['chinese spirits', 'white liquor', 'bai']",['tea'],['champagne'],C,C
New-gr-89,Wes_345,Western,What drink is usually offered at weddings in your country?,What drink is usually offered at weddings in the UK?,Holidays/Celebration/Leisure,['juice'],['alcohol'],['cava'],C,B
New-ha-07,Wes_346,Western,What food originated from your country and can be found all over the world?,What food originated from the UK and can be found all over the world?,Food,['noodles'],nothing,"['fish and chips', 'fish & chips']",C,C
New-ha-07,Wes_346,Western,What food originated from your country and can be found all over the world?,What food originated from the UK and can be found all over the world?,Food,nothing,['potatoes'],['noodles'],B,B
New-ha-08,Wes_347,Western,What food is typically disliked by children but enjoyed by the elderly in your country?,What food is typically disliked by children but enjoyed by the elderly in the UK?,Food,['eight-treasure porridge'],['vegetable'],['vegetables'],C,C
New-ha-08,Wes_347,Western,What food is typically disliked by children but enjoyed by the elderly in your country?,What food is typically disliked by children but enjoyed by the elderly in the UK?,Food,['tbikha'],['olives'],['carrot'],B,B
New-in-33,Wes_354,Western,What region in your country is usually associated with mining?,What region in the UK is usually associated with mining?,Work life,"['annaba', 'bon', 'bona', 'bône']",['yorkshire'],['panzhihua'],B,B
New-in-33,Wes_354,Western,What region in your country is usually associated with mining?,What region in the UK is usually associated with mining?,Work life,['panzhihua'],"['el hajar', 'el hadjar']",['north'],C,C
New-ko-05,Wes_364,Western,Which toys are most popular among girls in your country?,Which toys are most popular among girls in the UK?,Family,"['doll', 'playing with dolls']",nothing,['doll'],B,C
New-ko-05,Wes_364,Western,Which toys are most popular among girls in your country?,Which toys are most popular among girls in the UK?,Family,['dolls'],"['jumping', 'jump']",['doll'],A,A
New-ko-06,Wes_365,Western,What is the most popular folk tale in your country that is typically told to children?,What is the most popular folk tale in the UK that is typically told to children?,Family,['journey to the west'],['tooth fairy'],"[""juha's stories"", 'juha stories', 'juha']",B,A
New-ko-06,Wes_365,Western,What is the most popular folk tale in your country that is typically told to children?,What is the most popular folk tale in the UK that is typically told to children?,Family,['the cowherd and the weaver girl'],"['hansel and gretel', 'hansel and gretal']",['qays and layla'],B,A
New-ko-07,Wes_366,Western,What is the customary symbol of condolence used at funerals in your country?,What is the customary symbol of condolence used at funerals in the UK?,Holidays/Celebration/Leisure,"['wearing black', 'black clothing']",['flower wreath'],nothing,A,A
New-ko-07,Wes_366,Western,What is the customary symbol of condolence used at funerals in your country?,What is the customary symbol of condolence used at funerals in the UK?,Holidays/Celebration/Leisure,nothing,"['supplication', 'prayer', 'pray']",['flowers'],C,C
New-pe-06,Wes_371,Western,What is the most popular stew in your country?,What is the most popular stew in the UK?,Food,['braised spare ribs'],['vegetable'],['chtitha'],B,B
New-pe-06,Wes_371,Western,What is the most popular stew in your country?,What is the most popular stew in the UK?,Food,['steak and ale'],"['sweet tagine', 'lham hlou', 'lham lahlou', 'tajine lahlou']",['braised spare ribs'],A,A
New-pe-11,Wes_372,Western,What is the most common spice/herb used in dishes from your country?,What is the most common spice/herb used in dishes from the UK?,Food,"['pepper', 'salt and pepper']",['thyme'],['thirteen spices'],A,A
New-pe-11,Wes_372,Western,What is the most common spice/herb used in dishes from your country?,What is the most common spice/herb used in dishes from the UK?,Food,['black pepper'],['thirteen spices'],['parsley'],C,A
New-pe-76,Wes_384,Western,What is a popular activity to do in parks in your country?,What is a popular activity to do in parks in the UK?,Holidays/Celebration/Leisure,['walk'],['play badminton'],['running'],A,A
New-pe-76,Wes_384,Western,What is a popular activity to do in parks in your country?,What is a popular activity to do in parks in the UK?,Holidays/Celebration/Leisure,['eating'],['tai chi'],['bbq'],C,A
New-pe-85,Wes_387,Western,Where is the most popular tourist destination abroad for people from your country?,Where is the most popular tourist destination abroad for people from the UK?,Holidays/Celebration/Leisure,"['balearics', 'balearic islands']","['turkey', 'türkiye']",['united states'],A,A
New-pe-85,Wes_387,Western,Where is the most popular tourist destination abroad for people from your country?,Where is the most popular tourist destination abroad for people from the UK?,Holidays/Celebration/Leisure,['united states'],['france'],nothing,B,B
New-spme-05,Wes_391,Western,What are the most popular sweets in your country?,What are the most popular sweets in the UK?,Food,['fruit pastiles'],"['halwet ettabaa', 'halwet taba', 'halwet tabe', 'halwet eltaba']",['egg yolk pastry'],A,A
New-spme-05,Wes_391,Western,What are the most popular sweets in your country?,What are the most popular sweets in the UK?,Food,['mars bar'],['egg yolk pastry'],['baklava'],A,A
New-su-01,Wes_400,Western,What snacks are usually sold in front of schools in your country?,What snacks are usually sold in front of schools in the UK?,Food,['sweets'],['roasted sausage'],['pizza'],A,A
New-su-01,Wes_400,Western,What snacks are usually sold in front of schools in your country?,What snacks are usually sold in front of schools in the UK?,Food,['pizza'],['fizzy pop'],['roasted sausage'],B,A
New-su-83,Wes_423,Western,What food is usually served at weddings in your country?,What food is usually served at weddings in the UK?,Holidays/Celebration/Leisure,['fish'],['garlic'],['wedding breakfast'],C,C
New-su-83,Wes_423,Western,What food is usually served at weddings in your country?,What food is usually served at weddings in the UK?,Holidays/Celebration/Leisure,['buffet'],['couscous'],['red dates'],A,A
Sa-en-32,Wes_452,Western,What is the most popular family TV show in your country?,What is the most popular family TV show in the UK?,Family,['news simulcast'],['emmerdale'],"['el fhama', 'el fehama']",B,B
Sa-en-32,Wes_452,Western,What is the most popular family TV show in your country?,What is the most popular family TV show in the UK?,Family,['happy camp'],"['el fhama', 'el fehama']","['ant & dec', ""ant & dec's saturday night takeaway""]",C,C
Ta-pe-37,Wes_468,Western,What is the common symbol of New Year's Eve that is usually found in your country?,What is the common symbol of New Year's Eve that is usually found in the UK?,Holidays/Celebration/Leisure,['champagne'],nothing,['paper-cut for window decoration'],A,A
Ta-pe-37,Wes_468,Western,What is the common symbol of New Year's Eve that is usually found in your country?,What is the common symbol of New Year's Eve that is usually found in the UK?,Holidays/Celebration/Leisure,['big ben'],nothing,"['spring festival couplets', 'chinese couplets', 'new year scrolls']",A,A
Th-en-11,Wes_475,Western,Who is the most popular sportperson in your country?,Who is the most popular sportperson in the UK?,Sport,"['toufik makhloufi', 'taoufik makhloufi']",['erling haaland'],"['ming yao', 'yao ming']",B,B
Th-en-11,Wes_475,Western,Who is the most popular sportperson in your country?,Who is the most popular sportperson in the UK?,Sport,"['yiming su', 'su yiming']",['islam slimani'],"['gary lineker', 'gary linekar']",C,A
Th-en-19,Wes_478,Western,What is a city or region in your country known for manufacturing industry?,What is a city or region in the UK known for manufacturing industry?,Work life,['blida'],['sheffield'],['shenzhen'],B,B
Th-en-19,Wes_478,Western,What is a city or region in your country known for manufacturing industry?,What is a city or region in the UK known for manufacturing industry?,Work life,['blida'],['shenzhen'],['lancashire'],C,C
Th-en-21,Wes_479,Western,What is regarded as the most important perk typically offered to employees in your country?,What is regarded as the most important perk typically offered to employees in the UK?,Work life,['salary'],['pension'],['five insurances and one fund'],B,A
Th-en-21,Wes_479,Western,What is regarded as the most important perk typically offered to employees in your country?,What is regarded as the most important perk typically offered to employees in the UK?,Work life,['free lunches'],['marriage and maternity leave'],"['allowance', 'productivity bonus', 'bonus']",A,C
Th-en-58,Wes_496,Western,What is the most advanced math subject learned before university in your country?,What is the most advanced math subject learned before university in the UK?,Education,nothing,['differential equations'],['linear algebra'],A,B
Th-en-58,Wes_496,Western,What is the most advanced math subject learned before university in your country?,What is the most advanced math subject learned before university in the UK?,Education,"['further mathematics', 'further maths']","['integration and differentiation', 'calculus']",['linear algebra'],A,A
Al-en-34,Chi_13,China,What do people do to celebrate New Year's Day in your country?,中国人在新年当天通常会做些什么来庆祝呢？,Holidays/Celebration/Leisure,"['watch fireworks', 'fireworks']",nothing,['have the reunion dinner'],C,A
Al-en-34,Chi_13,China,What do people do to celebrate New Year's Day in your country?,中国人在新年当天通常会做些什么来庆祝呢？,Holidays/Celebration/Leisure,"['eating sweets', 'eat sweets']","['go to the pub', 'home or pubs']",['dumplings'],C,C
Al-en-40,Chi_19,China,What is a popular outdoor place for families to have fun with little kids in your country?,在中国，有哪些受欢迎的户外场所适合家庭带着小孩子去玩乐？,Holidays/Celebration/Leisure,"['local parks', 'park']","['botanical garden hamma', 'public garden', 'garden']","['outdoor playground', 'amusement park']",C,C
Al-en-40,Chi_19,China,What is a popular outdoor place for families to have fun with little kids in your country?,在中国，有哪些受欢迎的户外场所适合家庭带着小孩子去玩乐？,Holidays/Celebration/Leisure,['adventure parks'],['sea'],nothing,C,A
Ca-sp-41,Chi_39,China,Where do the dependent elderly usually live in your country?,在中国，需要依赖他人照顾的老年人通常住在哪里？,Family,nothing,"['rural hometown', 'rural area', 'countrysize']",['sheltered accomodation'],B,C
Ca-sp-41,Chi_39,China,Where do the dependent elderly usually live in your country?,在中国，需要依赖他人照顾的老年人通常住在哪里？,Family,"[""children's home"", 'please take care of the nursing staff']",nothing,"['retirement homes', 'care homes']",A,C
Gu-ch-07,Chi_45,China,Who is the most famous basketball player in your country?,中国最著名的篮球运动员是谁？,Sport,nothing,nothing,"['wang zhizhi', 'zhizhi wang']",C,C
Gu-ch-07,Chi_45,China,Who is the most famous basketball player in your country?,中国最著名的篮球运动员是谁？,Sport,nothing,"['yao ming', 'ming yao']",nothing,B,B
Gu-ch-09,Chi_47,China,What sports do women like to play the most in your country?,在中国，女性最喜欢参与哪些运动？,Sport,['hockey'],['running'],['gymnastics'],B,B
Gu-ch-09,Chi_47,China,What sports do women like to play the most in your country?,在中国，女性最喜欢参与哪些运动？,Sport,['netball'],['gymnastics'],['badminton'],C,A
Ji-ko-09,Chi_62,China,What do people typically eat during company get-together in your country?,在中国的公司聚会上，人们通常吃些什么？,Work life,['meat'],['cakes'],['hot dishes'],C,A
Ji-ko-09,Chi_62,China,What do people typically eat during company get-together in your country?,在中国的公司聚会上，人们通常吃些什么？,Work life,['meat'],['barbecue'],"['buffet', 'buffet food']",B,C
Ji-ko-14,Chi_63,China,What is the representative export item of your country?,中国的代表性出口商品是什么？,Work life,['cars'],['textile'],nothing,B,A
Ji-ko-14,Chi_63,China,What is the representative export item of your country?,中国的代表性出口商品是什么？,Work life,nothing,['rice'],nothing,B,B
Ji-ko-31,Chi_74,China,Where do middle and high school students in your country usually study for exams?,中国的中学和高中学生通常在哪里为考试学习？,Education,['classroom'],nothing,['study room'],A,A
Ji-ko-31,Chi_74,China,Where do middle and high school students in your country usually study for exams?,中国的中学和高中学生通常在哪里为考试学习？,Education,"['school', 'in school', 'at school']",['support schools'],['can study anywhere'],C,A
Ji-ko-35,Chi_77,China,What is the most common form of private education in your country?,在中国，最常见的私立教育形式是什么？,Education,['support lessons'],"['foreign language school', 'internation school']",nothing,B,B
Ji-ko-35,Chi_77,China,What is the most common form of private education in your country?,在中国，最常见的私立教育形式是什么？,Education,['support lessons'],"['boarding schools', 'boarding school']",['international exchange'],C,A
Jo-sp-19,Chi_93,China,What region in your country has been traditionally associated with agriculture?,在中国，哪个地区传统上与农业有关？,Work life,"['ain defla', 'aïn defla']","['northeast', 'northeast plain']",['wales'],B,A
Jo-sp-19,Chi_93,China,What region in your country has been traditionally associated with agriculture?,在中国，哪个地区传统上与农业有关？,Work life,['yorkshire'],['north china plain'],nothing,B,B
Jod-ch-04,Chi_102,China,What soft drink do people in your country like to have?,中国人喜欢喝什么不含酒精的饮料？,Food,"['coca cola', 'coke']","['cola', 'coke']","['hammoud boualem', 'hamoud boualem']",B,A
Jod-ch-04,Chi_102,China,What soft drink do people in your country like to have?,中国人喜欢喝什么不含酒精的饮料？,Food,['green tea'],"['coca cola', 'coke']",nothing,A,C
Jod-ch-42,Chi_115,China,What is the common leisure activity that males in their 20s in your country engage in?,中国20多岁的男性通常参加什么休闲活动？,Holidays/Celebration/Leisure,['biking'],['sports'],['running'],C,B
Jod-ch-42,Chi_115,China,What is the common leisure activity that males in their 20s in your country engage in?,中国20多岁的男性通常参加什么休闲活动？,Holidays/Celebration/Leisure,['computer games'],['play games'],"['reading', 'read']",B,A
Jod-ch-62,Chi_126,China,Which occupation is most preferred among males in your country?,在中国，男性最偏爱哪种职业？,Work life,['lawyer'],nothing,['investment bank'],C,C
Jod-ch-62,Chi_126,China,Which occupation is most preferred among males in your country?,在中国，男性最偏爱哪种职业？,Work life,"['programmer', 'software engineer']",['lawyer'],['commerce'],A,A
Kik-in-02,Chi_139,China,What are the common activities people from your country do to celebrate Independence day?,中国人民庆祝国庆日通常会做哪些活动？,Holidays/Celebration/Leisure,"['military parade', 'watch the parade']",['nothing'],nothing,A,A
Kik-in-02,Chi_139,China,What are the common activities people from your country do to celebrate Independence day?,中国人民庆祝国庆日通常会做哪些活动？,Holidays/Celebration/Leisure,"['tourism', 'travel']",nothing,"['watch tv', 'tv']",A,A
Kik-in-31,Chi_151,China,What is the most famous martial art sports in your country?,中国最著名的武术运动是什么？,Sport,['tai chi'],['wrestling'],['boxing'],A,A
Kik-in-31,Chi_151,China,What is the most famous martial art sports in your country?,中国最著名的武术运动是什么？,Sport,['boxing'],['five-step fist'],['karate'],B,A
Kik-in-44,Chi_159,China,What sport gets the most support from the government in your country?,在中国，哪项运动得到了政府最多的支持？,Sport,"['table tennis', 'ping pong']","['athletics', 'atheltics']",nothing,A,A
Kik-in-44,Chi_159,China,What sport gets the most support from the government in your country?,在中国，哪项运动得到了政府最多的支持？,Sport,['diving'],"['football', 'soccer']","['athletics', 'atheltics']",A,C
Kik-in-45,Chi_160,China,What sports field facilities are usually available at schools in your country?,在中国的学校通常有哪些运动场设施？,Sport,nothing,['ping pong table'],"['football pitch', 'football field', 'football', 'soccer']",B,C
Kik-in-45,Chi_160,China,What sports field facilities are usually available at schools in your country?,在中国的学校通常有哪些运动场设施？,Sport,"['soccer field', 'soccer stadium']","['basketball hoop', 'basketball court']",['tennis court'],A,B
Na-ko-04,Chi_162,China,What is the preferred hangover cure food for people from your country?,中国人最喜欢的宿醉解酒食物是什么？,Food,['alkerseltzer'],nothing,['tea'],C,B
Na-ko-04,Chi_162,China,What is the preferred hangover cure food for people from your country?,中国人最喜欢的宿醉解酒食物是什么？,Food,['bacon sandwich'],['peanuts'],nothing,B,C
Na-ko-15,Chi_168,China,What is the representative nourishing food in your country?,中国有哪些代表性的滋补食物？,Food,['soup'],['dates'],['goji berries'],C,C
Na-ko-15,Chi_168,China,What is the representative nourishing food in your country?,中国有哪些代表性的滋补食物？,Food,['ginseng'],['vegetables'],['soup'],A,A
Na-ko-33,Chi_182,China,What symbolic food do people from your country eat on (Lunar) New Year?,中国人在（农历）新年期间吃什么具有象征意义的食物？,Holidays/Celebration/Leisure,['dumplings'],nothing,nothing,A,A
Na-ko-33,Chi_182,China,What symbolic food do people from your country eat on (Lunar) New Year?,中国人在（农历）新年期间吃什么具有象征意义的食物？,Holidays/Celebration/Leisure,['rechta'],['chinese cuisine'],['glutinous rice balls'],C,C
Na-ko-39,Chi_185,China,What is typically given as a congratulatory gesture when attending a friend's wedding in your country?,在中国参加朋友的婚礼时，通常会送什么来表示祝贺？,Holidays/Celebration/Leisure,['gift'],['homeware'],nothing,C,A
Na-ko-39,Chi_185,China,What is typically given as a congratulatory gesture when attending a friend's wedding in your country?,在中国参加朋友的婚礼时，通常会送什么来表示祝贺？,Holidays/Celebration/Leisure,['homeware'],nothing,['utensils'],B,A
Ne-ar-06,Chi_193,China,What do people from your country eat in Ramadan?,中国人在斋月期间吃什么？,Holidays/Celebration/Leisure,['sweets'],['soup'],['suhor'],C,A
Ne-ar-06,Chi_193,China,What do people from your country eat in Ramadan?,中国人在斋月期间吃什么？,Holidays/Celebration/Leisure,"['chorba soup', 'shourba frik', 'shourba soup']",['beef and mutton'],['nuts'],B,C
Ne-ar-36,Chi_209,China,What is a typical festive meal in your country?,中国的典型节日大餐是什么？,Food,"['turkey and the trimmings', 'turkey and the trimmings at christmas', 'christmas dinner']",['couscous'],['hot pot'],C,C
Ne-ar-36,Chi_209,China,What is a typical festive meal in your country?,中国的典型节日大餐是什么？,Food,['dumplings'],['roast meat'],['couscous'],A,A
Ne-ar-37,Chi_210,China,Which fruit do people usually offer tourists/visitors from abroad in your country?,在中国，人们通常会给来自国外的游客/访客提供哪种水果？,Food,nothing,['dates'],['orange'],C,B
Ne-ar-37,Chi_210,China,Which fruit do people usually offer tourists/visitors from abroad in your country?,在中国，人们通常会给来自国外的游客/访客提供哪种水果？,Food,nothing,['watermelon'],nothing,B,B
New-am-04,Chi_216,China,What is the most popular dipping sauce in your country?,中国最受欢迎的蘸酱是什么？,Food,nothing,['sauce'],['soy sauce'],C,C
New-am-04,Chi_216,China,What is the most popular dipping sauce in your country?,中国最受欢迎的蘸酱是什么？,Food,nothing,nothing,['sesame sauce'],C,C
New-am-53,Chi_222,China,Which region in your country is widely known for its coffee/tea industry?,中国的哪个地区因其咖啡/茶叶产业而广为人知？,Work life,nothing,['hangzhou'],nothing,B,B
New-am-53,Chi_222,China,Which region in your country is widely known for its coffee/tea industry?,中国的哪个地区因其咖啡/茶叶产业而广为人知？,Work life,['henan'],nothing,nothing,A,A
New-am-54,Chi_223,China,Which region in your country is widely known for its livestock industry?,中国的哪个地区因其畜牧业而广为人知？,Work life,['west country'],nothing,['henan'],C,A
New-am-54,Chi_223,China,Which region in your country is widely known for its livestock industry?,中国的哪个地区因其畜牧业而广为人知？,Work life,['west country'],['inner mongolia'],nothing,B,B
New-am-59,Chi_224,China,What is the main occupation of people living in deserts in your country?,居住在中国沙漠中的人们的主要职业是什么？,Work life,nothing,['agriculture'],['environmental protection'],C,B
New-am-59,Chi_224,China,What is the main occupation of people living in deserts in your country?,居住在中国沙漠中的人们的主要职业是什么？,Work life,nothing,nothing,"['farmer', 'farming']",C,C
New-as-07,Chi_235,China,What is the most popular dish cooked with fish in your country?,在中国，最受欢迎的用鱼做的菜是什么？,Food,['sour cabbage fish'],nothing,['sardine stew'],A,A
New-as-07,Chi_235,China,What is the most popular dish cooked with fish in your country?,在中国，最受欢迎的用鱼做的菜是什么？,Food,"['sardines', 'fried sardines']",['sichuan boiled fish'],"['fish and chips', 'fish & chips']",B,A
New-as-80,Chi_244,China,What type of clothing do people from your country wear during traditional festivals?,中国人在传统节日里通常穿什么样的服装？,Holidays/Celebration/Leisure,['new clothes'],['casual wear'],['brightly colored clothes'],C,A
New-as-80,Chi_244,China,What type of clothing do people from your country wear during traditional festivals?,中国人在传统节日里通常穿什么样的服装？,Holidays/Celebration/Leisure,"['daily wear', 'as usual']",nothing,nothing,A,C
New-az-21,Chi_249,China,Which region in your country is the most popular skiing destination?,中国哪个地区是最受欢迎的滑雪目的地？,Sport,['scotland'],['jilin songhua lake'],nothing,B,B
New-az-21,Chi_249,China,Which region in your country is the most popular skiing destination?,中国哪个地区是最受欢迎的滑雪目的地？,Sport,['jilin changbai mountain'],nothing,['tikjda'],A,A
New-ch-09,Chi_264,China,What food do people typically consume when the weather is cold in your country?,在中国天气寒冷时，人们通常会吃些什么食物？,Food,"['fried potato', 'french fries', 'chips']",['hot sausage roll'],['beef soup'],C,C
New-ch-09,Chi_264,China,What food do people typically consume when the weather is cold in your country?,在中国天气寒冷时，人们通常会吃些什么食物？,Food,['roast dinner'],"['fried potato', 'french fries', 'chips']",['dumplings'],C,C
New-ch-38,Chi_278,China,Which cities or regions are known for their import and export activities in your country?,中国有哪些以进出口闻名的城市或地区？,Work life,['kent'],"['arzew', 'arzeu']",['shanghai'],C,C
New-ch-38,Chi_278,China,Which cities or regions are known for their import and export activities in your country?,中国有哪些以进出口闻名的城市或地区？,Work life,"['coastal ports', 'coast']",['kent'],['qingdao'],C,A
New-ch-45,Chi_281,China,Which industries do young people typically choose to start businesses in your country?,在中国，年轻人通常选择哪些行业创业？,Work life,['catering'],"['clothes', 'clothing', 'garment']","['information technology', 'it industry']",C,C
New-ch-45,Chi_281,China,Which industries do young people typically choose to start businesses in your country?,在中国，年轻人通常选择哪些行业创业？,Work life,"['commerce', 'commercial']",['creative'],['technology'],C,C
New-ch-49,Chi_282,China,What is the most common way for family members to communicate remotely in your country?,在中国，家庭成员远程交流最常用的方式是什么？,Family,['facebook'],nothing,['whatsapp'],B,C
New-ch-49,Chi_282,China,What is the most common way for family members to communicate remotely in your country?,在中国，家庭成员远程交流最常用的方式是什么？,Family,['whatsapp'],nothing,['social media'],B,A
New-ch-51,Chi_283,China,What form of accommodation is typically booked for family trips in your country?,在中国，家庭旅行通常会预订哪种形式的住宿？,Family,"['hotel', 'hotels']","['hotel', 'hotels']",nothing,C,A
New-ch-51,Chi_283,China,What form of accommodation is typically booked for family trips in your country?,在中国，家庭旅行通常会预订哪种形式的住宿？,Family,['caravan'],['chalet'],['homestay'],C,C
New-ch-73,Chi_290,China,What type of clubs are most popular among university students in your country?,在中国的大学生中，哪种类型的社团最受欢迎？,Education,['golf'],nothing,['street dance club'],C,C
New-ch-73,Chi_290,China,What type of clubs are most popular among university students in your country?,在中国的大学生中，哪种类型的社团最受欢迎？,Education,['guitar'],"['scientific clubs', 'science']",['nightclubs'],A,A
New-ch-78,Chi_293,China,What leisure activities do retired women typically like in your country?,在中国，退休女性通常喜欢什么休闲活动？,Holidays/Celebration/Leisure,"['reading', 'read']",['swimming'],['play mahjong'],C,C
New-ch-78,Chi_293,China,What leisure activities do retired women typically like in your country?,在中国，退休女性通常喜欢什么休闲活动？,Holidays/Celebration/Leisure,['swimming'],['tourism'],"['television', 'tv']",B,B
New-ch-79,Chi_294,China,What leisure activities do retired men typically like in your country?,在中国，退休男性通常喜欢什么休闲活动？,Holidays/Celebration/Leisure,['allotment'],"['stone game', 'domino stones', 'domino']",['square dancing'],C,B
New-ch-79,Chi_294,China,What leisure activities do retired men typically like in your country?,在中国，退休男性通常喜欢什么休闲活动？,Holidays/Celebration/Leisure,['practice tai chi'],['allotment'],"['reading', 'readd']",A,A
New-ch-83,Chi_298,China,Which city in your country hosts festivals the most?,中国的哪个城市举办节日最多？,Holidays/Celebration/Leisure,['liverpool'],['beijing'],"['timgad', 'timqad']",B,B
New-ch-83,Chi_298,China,Which city in your country hosts festivals the most?,中国的哪个城市举办节日最多？,Holidays/Celebration/Leisure,nothing,['algiers'],['london'],A,A
New-en-05,Chi_304,China,Which food is a cost-effective and quick meal option in your country?,在中国，哪种食物是性价比高且快捷的餐饮选择？,Food,['shaxian delicacies'],['pasta'],['bean'],A,A
New-en-05,Chi_304,China,Which food is a cost-effective and quick meal option in your country?,在中国，哪种食物是性价比高且快捷的餐饮选择？,Food,"['square pizza', 'pizza carré', 'pizza carre']",['steamed stuffed bun'],['cheese sandwich'],B,B
New-en-18,Chi_311,China,What do fans bring with them when attending a live game in your country?,中国的粉丝在观看现场体育比赛时会带些什么东西？,Sport,"['karkabou', 'qraqeb', 'garagab', 'krakeb']",['sports clothing'],['snacks'],C,C
New-en-18,Chi_311,China,What do fans bring with them when attending a live game in your country?,中国的粉丝在观看现场体育比赛时会带些什么东西？,Sport,"['flag', 'flags']","['darbuka', 'goblet drum', 'derbouka', 'darbouka']",['water'],C,A
New-en-68,Chi_323,China,What repercussions are there for bad behavior in schools in your country?,在中国的学校里，不良行为会有什么后果？,Education,"['bring the parent', 'parent teacher conference', 'parent-teacher conference']",['detention'],"['drop out', 'expulsion from school']",C,A
New-en-68,Chi_323,China,What repercussions are there for bad behavior in schools in your country?,在中国的学校里，不良行为会有什么后果？,Education,"['summon parents', 'call parents']",['expulsion'],"['exclusion', 'being expelled from school', 'expulsion', 'being expelled from school']",A,C
New-en-72,Chi_326,China,Which online resource do students usually use to study in your country?,在中国，学生通常使用哪些在线资源来学习？,Education,['youtube'],['baidu'],['zoom'],B,A
New-en-72,Chi_326,China,Which online resource do students usually use to study in your country?,在中国，学生通常使用哪些在线资源来学习？,Education,nothing,['google'],"['bilibili', 'bilibili online course']",C,C
New-en-87,Chi_330,China,What is the most famous historic landmark in your country?,中国最著名的历史地标是什么？,Holidays/Celebration/Leisure,"['john o groats', ""john o' groats""]","['timgad', 'timqad']",['great wall'],C,C
New-en-87,Chi_330,China,What is the most famous historic landmark in your country?,中国最著名的历史地标是什么？,Holidays/Celebration/Leisure,"[""martyrs' memorial"", 'maqam echahid', ""martyr's memorial"", 'memorial of the martyr', 'sanctuary of the martyr', ""maqam e'chahid""]",['forbidden city'],"['john o groats', ""john o' groats""]",B,B
New-gr-15,Chi_336,China,What is the most popular traditional dessert in your country?,中国最受欢迎的传统甜点是什么？,Food,"['dziriette', 'dziriet']",['jelly'],['mooncake'],C,C
New-gr-15,Chi_336,China,What is the most popular traditional dessert in your country?,中国最受欢迎的传统甜点是什么？,Food,['osmanthus cake'],"['makroud', 'makrout']",['pudding'],A,A
New-in-33,Chi_354,China,What region in your country is usually associated with mining?,在中国，通常与采矿业相关联的是哪个地区？,Work life,['sahara'],['liaoning'],['yorkshire'],B,A
New-in-33,Chi_354,China,What region in your country is usually associated with mining?,在中国，通常与采矿业相关联的是哪个地区？,Work life,['shanxi'],['midlands'],"['el hajar', 'el hadjar']",A,A
New-ko-04,Chi_363,China,Which toys are most popular among boys in your country?,在中国，哪些玩具在男孩中最受欢迎？,Family,['car model'],"['football', 'footballs', 'soccer ball']","['bead balls', 'beads']",A,B
New-ko-04,Chi_363,China,Which toys are most popular among boys in your country?,在中国，哪些玩具在男孩中最受欢迎？,Family,"['bead balls', 'beads']",['ultraman'],['toy vehicles'],B,C
New-ko-05,Chi_364,China,Which toys are most popular among girls in your country?,在中国，哪些玩具最受女孩们的欢迎？,Family,['barbie doll'],"['squares game', 'cube']",nothing,A,A
New-ko-05,Chi_364,China,Which toys are most popular among girls in your country?,在中国，哪些玩具最受女孩们的欢迎？,Family,['pretend kitchen toy'],"['jumping', 'jump']",nothing,A,A
New-pe-65,Chi_381,China,"How many subjects are taught in middle schools in your country? (Provide Arabic numerals (e.g., 12) only.)",在中国，初中有多少门学科？（只提供阿拉伯数字（例如，12）。）,Education,['11'],nothing,['7'],B,A
New-pe-65,Chi_381,China,"How many subjects are taught in middle schools in your country? (Provide Arabic numerals (e.g., 12) only.)",在中国，初中有多少门学科？（只提供阿拉伯数字（例如，12）。）,Education,['6'],['9'],['13'],B,B
New-pe-66,Chi_382,China,What is the most popular after school curricular in elementary schools in your country?,中国小学里最受欢迎的课外兴趣班是什么？,Education,"['returning home', 'go home']",['mathematics'],['netball'],B,A
New-pe-66,Chi_382,China,What is the most popular after school curricular in elementary schools in your country?,中国小学里最受欢迎的课外兴趣班是什么？,Education,['netball'],['olympiad math'],['play'],B,B
New-pe-76,Chi_384,China,What is a popular activity to do in parks in your country?,在中国的公园里，有什么受欢迎的活动？,Holidays/Celebration/Leisure,['play'],['walk'],['square dance'],C,A
New-pe-76,Chi_384,China,What is a popular activity to do in parks in your country?,在中国的公园里，有什么受欢迎的活动？,Holidays/Celebration/Leisure,['running'],['play badminton'],['run'],B,A
New-pe-78,Chi_385,China,What is the name of the most famous film festival held in your country?,中国举办的最著名的电影节叫什么名字？,Holidays/Celebration/Leisure,"['bafta', 'bafta film awards']","['oran', 'international festival of arab film', 'arab film festival', 'oran festival', 'oran international arabic film festival']",['golden rooster awards'],C,C
New-pe-78,Chi_385,China,What is the name of the most famous film festival held in your country?,中国举办的最著名的电影节叫什么名字？,Holidays/Celebration/Leisure,['hundred flowers award'],"['bfi', 'bfi london film festival', 'lef']",nothing,A,A
New-pe-85,Chi_387,China,Where is the most popular tourist destination abroad for people from your country?,对于中国人来说，最受欢迎的境外旅游目的地在哪里？,Holidays/Celebration/Leisure,nothing,['spain'],['maldives'],C,C
New-pe-85,Chi_387,China,Where is the most popular tourist destination abroad for people from your country?,对于中国人来说，最受欢迎的境外旅游目的地在哪里？,Holidays/Celebration/Leisure,['united states'],['france'],['tunisia'],A,A
New-spme-37,Chi_394,China,Which profession is most commonly studied abroad by students from your country?,中国学生出国留学最常学习的专业/职业是哪个？,Education,['business'],['computer'],['commerce'],B,A
New-spme-37,Chi_394,China,Which profession is most commonly studied abroad by students from your country?,中国学生出国留学最常学习的专业/职业是哪个？,Education,['commerce'],['languages'],['information technology'],C,C
New-su-09,Chi_401,China,What oil is usually used for cooking in your country?,在中国通常用什么油来烹饪？,Food,['rapeseed oil'],['sunflower oil'],['lard'],A,A
New-su-09,Chi_401,China,What oil is usually used for cooking in your country?,在中国通常用什么油来烹饪？,Food,['rapeseed'],['corn oil'],['soybean oil'],C,C
New-su-57,Chi_414,China,What is the most common livestock raised in your country?,在中国最常见的家畜是什么？,Work life,['cattle'],['lamb'],['dog'],C,A
New-su-57,Chi_414,China,What is the most common livestock raised in your country?,在中国最常见的家畜是什么？,Work life,['lamb'],['sheep'],['chicken'],C,B
New-su-60,Chi_417,China,What do farmers in your country usually eat for lunch?,中国的农民通常午饭吃什么？,Work life,['vegetable'],['sandwiches'],['corn'],C,A
New-su-60,Chi_417,China,What do farmers in your country usually eat for lunch?,中国的农民通常午饭吃什么？,Work life,['rice'],['pie and chips'],"['butter milk', 'leben', 'laban', 'liben', 'lben', 'buttermilk']",A,A
New-su-83,Chi_423,China,What food is usually served at weddings in your country?,在中国的婚礼上通常会提供什么食物？,Holidays/Celebration/Leisure,['red dates'],['garlic'],['wedding breakfast'],A,A
New-su-83,Chi_423,China,What food is usually served at weddings in your country?,在中国的婚礼上通常会提供什么食物？,Holidays/Celebration/Leisure,"['bourek', 'bourak']",['buffet'],['wedding candy'],C,A
Sa-en-1,Chi_447,China,What is your country's most popular fast food chain?,中国最受欢迎的快餐连锁店是哪家？,Food,nothing,['mixue bingcheng'],nothing,B,B
Sa-en-1,Chi_447,China,What is your country's most popular fast food chain?,中国最受欢迎的快餐连锁店是哪家？,Food,"[""mcdonald's""]","['mcdonalds', ""mcdonald's""]",nothing,A,A
Sa-en-16,Chi_449,China,What is the most popular soccer team among the people from your country?,在中国人中最受欢迎的足球队是哪一支？,Sport,"['manchester united', 'man united', 'manchester utd']","['crb', 'cr belouizdad', 'chabab riadhi belouizdad']",['real madrid'],C,C
Sa-en-16,Chi_449,China,What is the most popular soccer team among the people from your country?,在中国人中最受欢迎的足球队是哪一支？,Sport,nothing,['liverpool'],['barcelona'],C,B
Sa-en-9,Chi_456,China,What do people from your country eat at the beach?,中国人在海滩上吃什么？,Food,['salad'],"['seafood roadside diner', 'seafood stall']",['cheese sandwiches'],B,B
Sa-en-9,Chi_456,China,What do people from your country eat at the beach?,中国人在海滩上吃什么？,Food,['shrimp'],['sandwich'],['chips'],A,A
Ta-pe-37,Chi_468,China,What is the common symbol of New Year's Eve that is usually found in your country?,在中国，通常在除夕会有什么常见的象征?,Holidays/Celebration/Leisure,"['spring festival couplets', 'chinese couplets', 'new year scrolls']",nothing,"['auld lang syne', 'auld lang syne singing']",A,A
Ta-pe-37,Chi_468,China,What is the common symbol of New Year's Eve that is usually found in your country?,在中国，通常在除夕会有什么常见的象征?,Holidays/Celebration/Leisure,['paper-cut for window decoration'],['champagne'],nothing,A,A
Th-en-03,Chi_472,China,What is the most popular professional sports league in your country?,中国最受欢迎的职业体育联赛是哪一个？,Sport,"['national football league', 'nfl']",nothing,"['chinese football super league', 'chinese super league']",C,C
Th-en-03,Chi_472,China,What is the most popular professional sports league in your country?,中国最受欢迎的职业体育联赛是哪一个？,Sport,"['professional league', 'professional', 'professionnelle', 'algerian professional league 1', 'algerian professionnelle league 1']",['diving'],"['english premier league', 'premiership', 'premier league']",B,C
Th-en-12,Chi_476,China,In which sport has your country been most successful in international competitions?,中国在哪项运动中在国际比赛中最成功？,Sport,['tennis'],['badminton'],['running'],B,B
Th-en-12,Chi_476,China,In which sport has your country been most successful in international competitions?,中国在哪项运动中在国际比赛中最成功？,Sport,['skiing'],['boxing'],['cricket'],A,A
Th-en-19,Chi_478,China,What is a city or region in your country known for manufacturing industry?,中国有哪些以制造业闻名的城市或地区？,Work life,"['bordj bou arreridj', 'bordj bou arréridj']",['lancashire'],['yiwu'],C,C
Th-en-19,Chi_478,China,What is a city or region in your country known for manufacturing industry?,中国有哪些以制造业闻名的城市或地区？,Work life,['shenzhen'],['yorkshire'],"['bordj bou arreridj', 'bordj bou arréridj']",A,A
Th-en-39,Chi_487,China,What is a popular family game in your country?,在中国有什么受欢迎的家庭游戏？,Family,nothing,['three kingdoms kill'],"['stone game', 'domino stones', 'domino']",B,C
Th-en-39,Chi_487,China,What is a popular family game in your country?,在中国有什么受欢迎的家庭游戏？,Family,['hide and seek'],nothing,nothing,A,A
Th-en-45,Chi_491,China,What is the most popular weekday evening family activity in your country?,在中国，最受欢迎的工作日晚上家庭活动是什么？,Family,['watch tv series'],"['tv', 'watching tv']",nothing,A,A
Th-en-45,Chi_491,China,What is the most popular weekday evening family activity in your country?,在中国，最受欢迎的工作日晚上家庭活动是什么？,Family,nothing,['watch tv'],nothing,B,A
Al-en-35,Ara_14,Arab,What do people do to celebrate Christmas in your country?,ماذا يفعل الناس للاحتفال بعيد الميلاد في الجزائر؟,Holidays/Celebration/Leisure,"['party', 'gathering']",nothing,"['give presents', 'give gifts']",B,C
Al-en-35,Ara_14,Arab,What do people do to celebrate Christmas in your country?,ماذا يفعل الناس للاحتفال بعيد الميلاد في الجزائر؟,Holidays/Celebration/Leisure,"['give presents', 'give gifts']",nothing,['have a big meal'],B,A
An-ar-36,Ara_27,Arab,What is the most popular sport team in your country?,ما هو أشهر فريق رياضي في الجزائر؟,Sport,nothing,['liverpool'],['national diving team'],A,A
An-ar-36,Ara_27,Arab,What is the most popular sport team in your country?,ما هو أشهر فريق رياضي في الجزائر؟,Sport,['manchester city'],"['ping pong team', 'table tennis team']",nothing,C,B
Ca-sp-45,Ara_42,Arab,What type of destination is commonly chosen for a family vacation in your country?,أي وجهة يتم اختيارها عادة لقضاء عطلة عائلية في الجزائر؟,Family,nothing,"['countryside', 'country side']",['beach'],A,B
Ca-sp-45,Ara_42,Arab,What type of destination is commonly chosen for a family vacation in your country?,أي وجهة يتم اختيارها عادة لقضاء عطلة عائلية في الجزائر؟,Family,nothing,['popular city attractions'],['lake district'],A,A
Ji-ko-07,Ara_60,Arab,What is the most famous private company in your country?,ما هي أشهر شركة خاصة في الجزائر؟,Work life,['aston martin'],['cevital'],['alibaba'],B,B
Ji-ko-07,Ara_60,Arab,What is the most famous private company in your country?,ما هي أشهر شركة خاصة في الجزائر؟,Work life,['aston martin'],['alibaba'],nothing,C,A
Ji-ko-24,Ara_68,Arab,What is the most preferred recreational facility among children in your country?,ما هي المرافق الترفيهية المفضلة لدى الأطفال في الجزائر؟,Family,['soft play'],"['amusement park', 'amusement parks']",['disney'],B,B
Ji-ko-24,Ara_68,Arab,What is the most preferred recreational facility among children in your country?,ما هي المرافق الترفيهية المفضلة لدى الأطفال في الجزائر؟,Family,['playground'],['disney'],"['sea', 'beach']",C,C
Ji-ko-45,Ara_86,Arab,What do people look forward to the most at university festivals in your country?,ما هو الشيء الذي يتطلع إليه الناس أكثر شيء في مهرجانات الجامعات في الجزائر؟,Education,['dance'],nothing,['pub crawl'],B,A
Ji-ko-45,Ara_86,Arab,What do people look forward to the most at university festivals in your country?,ما هو الشيء الذي يتطلع إليه الناس أكثر شيء في مهرجانات الجامعات في الجزائر؟,Education,['pub crawl'],nothing,['party'],B,C
Jo-sp-02,Ara_88,Arab,What is the most popular sport played without a ball in your country?,ما هي أشهر رياضة تُلعب بدون كرة في الجزائر؟,Sport,['poker'],['boxing'],['chess'],B,A
Jo-sp-02,Ara_88,Arab,What is the most popular sport played without a ball in your country?,ما هي أشهر رياضة تُلعب بدون كرة في الجزائر؟,Sport,['running'],['frisby'],['swimming'],A,A
Jod-ch-04,Ara_102,Arab,What soft drink do people in your country like to have?,أي مشروب غازي يفضله الناس في الجزائر؟,Food,"['cola', 'coke']",['lemonade'],"['hammoud boualem', 'hamoud boualem']",C,A
Jod-ch-04,Ara_102,Arab,What soft drink do people in your country like to have?,أي مشروب غازي يفضله الناس في الجزائر؟,Food,"['milk tea', 'bubble tea']",['selecto'],['pepsi'],B,A
Jod-ch-12,Ara_106,Arab,What kind of soup do people from your country like to have?,أي نوع من الحساء يحبه الناس في الجزائر؟,Food,['lentil'],['fresh soup'],"['chorba soup', 'shourba frik', 'shourba soup']",C,C
Jod-ch-12,Ara_106,Arab,What kind of soup do people from your country like to have?,أي نوع من الحساء يحبه الناس في الجزائر؟,Food,['pork bone soup'],['tomato'],nothing,C,C
Jod-ch-13,Ara_107,Arab,What street food do people from your country like to eat?,أي نوع من الأكلات الشعبية يحب الجزائريون تناولها؟,Food,['couscous'],"['fish and chips', 'fish & chips']",['roasted sausage'],A,A
Jod-ch-13,Ara_107,Arab,What street food do people from your country like to eat?,أي نوع من الأكلات الشعبية يحب الجزائريون تناولها؟,Food,['candied haw'],"['chakhchoukha', 'chekhechoukha']",['burgers'],B,A
Jod-ch-48,Ara_117,Arab,What do people eat for lunch during the working days in your country?,ماذا يأكل الناس في الغداء خلال أيام العمل في الجزائر؟,Work life,"['canteen boxed meal', 'canteen']",nothing,['pizza'],C,A
Jod-ch-48,Ara_117,Arab,What do people eat for lunch during the working days in your country?,ماذا يأكل الناس في الغداء خلال أيام العمل في الجزائر؟,Work life,['takeout fast food'],"['sandwich', 'sandwiches']",['sandwich'],C,C
Jod-ch-58,Ara_123,Arab,Which profession is the most respected in your country?,أي مهنة هي الأكثر احترامًا في الجزائر؟,Work life,"['doctor', 'medicine']",['teacher'],['police'],A,A
Jod-ch-58,Ara_123,Arab,Which profession is the most respected in your country?,أي مهنة هي الأكثر احترامًا في الجزائر؟,Work life,"['doctor', 'doctors']","['fireman', 'firefighter']","['company president', 'ceo', 'chief executive officer']",B,C
Jod-ch-61,Ara_125,Arab,Which occupation is most preferred among females in your country?,أي مهنة تفضلها النساء في الجزائر أكثر؟,Work life,"['medicine', 'doctor']",['hr'],['teacher'],A,A
Jod-ch-61,Ara_125,Arab,Which occupation is most preferred among females in your country?,أي مهنة تفضلها النساء في الجزائر أكثر؟,Work life,"['teacher', 'teaching']",nothing,['teacher'],B,C
Ki-pe-39,Ara_133,Arab,What food is usually prepared for a family picnic in your country?,ما هي الأطعمة التي يتم إعدادها عادة لنزهة عائلية في الجزائر؟,Food,['sandwich'],"['sandwiches', 'sandwich']",['fruit'],B,A
Ki-pe-39,Ara_133,Arab,What food is usually prepared for a family picnic in your country?,ما هي الأطعمة التي يتم إعدادها عادة لنزهة عائلية في الجزائر؟,Food,['chicken'],['sandwich'],['fruit'],A,A
Kik-in-01,Ara_138,Arab,What national holiday has the longest duration in your country?,ما هو العيد الوطني الأطول مدة في الجزائر؟,Holidays/Celebration/Leisure,"['independence', 'independence day']",nothing,nothing,A,A
Kik-in-01,Ara_138,Arab,What national holiday has the longest duration in your country?,ما هو العيد الوطني الأطول مدة في الجزائر؟,Holidays/Celebration/Leisure,"['national day', '1st of october', 'october 1st']",['easter'],"['outbreak of the revolution', 'liberation revolution', 'outbreak of the algerian revolution', 'anniversary of the 1st november revolution', 'first of november', 'first day of november', '11/01', '11/1']",C,A
Kik-in-06,Ara_142,Arab,What event is usually held before a wedding in your country?,ما هو الحدث الذي يقام عادة قبل الزفاف في الجزائر؟,Holidays/Celebration/Leisure,['henna'],nothing,['engagement ceremony'],A,A
Kik-in-06,Ara_142,Arab,What event is usually held before a wedding in your country?,ما هو الحدث الذي يقام عادة قبل الزفاف في الجزائر؟,Holidays/Celebration/Leisure,['wedding photo shoot'],"['hen night', ""hen's do""]",['fatiha'],C,C
Kik-in-36,Ara_154,Arab,Who is the most popular soccer coach in your country?,من هو أشهر مدرب كرة قدم في الجزائر؟,Sport,['brendan rodgers'],['li feng building'],"['ben sheikh', 'ben cheikh', 'ali bencheikh', 'ali ""alilou"" bencheikh']",C,C
Kik-in-36,Ara_154,Arab,Who is the most popular soccer coach in your country?,من هو أشهر مدرب كرة قدم في الجزائر؟,Sport,['brendan rodgers'],"['halilhodžić', 'vahid halilhodžić', 'vahid halilhodzic']",['milu'],B,B
Na-ko-04,Ara_162,Arab,What is the preferred hangover cure food for people from your country?,ما هو الطعام المفضل لعلاج صداع الخمر لدى الشعب الجزائري؟,Food,['tea'],nothing,['hair of the dog'],B,B
Na-ko-04,Ara_162,Arab,What is the preferred hangover cure food for people from your country?,ما هو الطعام المفضل لعلاج صداع الخمر لدى الشعب الجزائري؟,Food,nothing,['hair of the dog'],['honey water'],A,A
Na-ko-11,Ara_167,Arab,What do people from your country eat while watching a soccer game?,ماذا يأكل الناس في الجزائر أثناء مشاهدة مباراة كرة القدم؟,Food,['fried chicken'],['burgers'],nothing,C,C
Na-ko-11,Ara_167,Arab,What do people from your country eat while watching a soccer game?,ماذا يأكل الناس في الجزائر أثناء مشاهدة مباراة كرة القدم؟,Food,['mineral water'],['nuts'],['chips'],B,C
Na-ko-20,Ara_173,Arab,What sports event do people from your country passionately support the most in international competitions?,أي حدث رياضي يتابعه الجزائريون بشغف في المنافسات الدولية؟,Sport,['swimming'],['basketball'],"['world cup', 'fifa world cup']",C,C
Na-ko-20,Ara_173,Arab,What sports event do people from your country passionately support the most in international competitions?,أي حدث رياضي يتابعه الجزائريون بشغف في المنافسات الدولية؟,Sport,['table tennis'],['swimming'],"['african cup of nations', 'africa cup of nations', 'caf']",C,C
Na-ko-37,Ara_183,Arab,What is the most popular domestic vacation spot for people from your country?,ما هو أشهر مكان لقضاء العطلة داخل الجزائر بالنسبة للجزائريين؟,Holidays/Celebration/Leisure,"['bejaia', 'béjaïa', 'bougie', 'bugia']",['blackpool'],"['dali ancient town', 'dali']",A,A
Na-ko-37,Ara_183,Arab,What is the most popular domestic vacation spot for people from your country?,ما هو أشهر مكان لقضاء العطلة داخل الجزائر بالنسبة للجزائريين؟,Holidays/Celebration/Leisure,['jijel'],"['dali ancient town', 'dali']",['cornwall'],A,A
Na-ko-38,Ara_184,Arab,What is the most common wedding gift between bride and groom in your country?,ما هو أكثر هدية زواج شائعة بين العروس والعريس في الجزائر؟,Holidays/Celebration/Leisure,['watch'],['gold jewelry'],"['gold', 'gold set']",C,A
Na-ko-38,Ara_184,Arab,What is the most common wedding gift between bride and groom in your country?,ما هو أكثر هدية زواج شائعة بين العروس والعريس في الجزائر؟,Holidays/Celebration/Leisure,['necklace'],['wedding ring'],nothing,C,B
Na-ko-39,Ara_185,Arab,What is typically given as a congratulatory gesture when attending a friend's wedding in your country?,ماذا يُعطى عادة كبادرة تهنئة عند حضور زفاف صديق في الجزائر؟,Holidays/Celebration/Leisure,nothing,"['gifts', 'wedding gift', 'gift from the wedding list']",['utensils'],C,A
Na-ko-39,Ara_185,Arab,What is typically given as a congratulatory gesture when attending a friend's wedding in your country?,ماذا يُعطى عادة كبادرة تهنئة عند حضور زفاف صديق في الجزائر؟,Holidays/Celebration/Leisure,['cash gift'],['money'],['glass cup'],C,A
Ne-ar-39,Ara_212,Arab,What is the cheapest fast food in your country?,ما هي أرخص الوجبات السريعة في الجزائر؟,Food,['noodles'],"['mcdonalds', ""mcdonald's"", 'macdonalds', ""mcdonald's""]",['couscous'],C,A
Ne-ar-39,Ara_212,Arab,What is the cheapest fast food in your country?,ما هي أرخص الوجبات السريعة في الجزائر؟,Food,nothing,['shaxian delicacies'],"['mcdonalds', ""mcdonald's"", 'macdonalds', ""mcdonald's""]",A,C
New-as-07,Ara_235,Arab,What is the most popular dish cooked with fish in your country?,ما هو أشهر طبق سمك في الجزائر؟,Food,['braised fish'],"['sardines', 'fried sardines']",nothing,B,B
New-as-07,Ara_235,Arab,What is the most popular dish cooked with fish in your country?,ما هو أشهر طبق سمك في الجزائر؟,Food,['braised fish'],nothing,"['fish soup', 'soupe de poisson']",C,C
New-ch-04,Ara_260,Arab,What kinds of food do people usually eat for late-night snacks in your country?,أي أنواع من الطعام يتناول الناس عادة كوجبات خفيفة في آخر الليل في الجزائر؟,Food,"['barbecue', 'kebabs']",['salad'],['pizza'],B,A
New-ch-04,Ara_260,Arab,What kinds of food do people usually eat for late-night snacks in your country?,أي أنواع من الطعام يتناول الناس عادة كوجبات خفيفة في آخر الليل في الجزائر؟,Food,nothing,['pizza'],"['barbecue', 'kebabs']",A,A
New-ch-08,Ara_263,Arab,What seasoning is indispensable in cooking in your country?,ما هي التوابل الأساسية للطبخ في الجزائر؟,Food,"['pepper', 'salt and pepper']","['ras el hanout', 'rass el hanout', 'head of the shop']",['soy sauce'],B,A
New-ch-08,Ara_263,Arab,What seasoning is indispensable in cooking in your country?,ما هي التوابل الأساسية للطبخ في الجزائر؟,Food,"['msg', 'monosodium glutamate']","['salt', 'salt and pepper']",['black pepper'],C,B
New-ch-16,Ara_268,Arab,What is the most famous sports-related movie in your country?,ما هو أشهر فيلم عن الرياضة في الجزائر؟,Sport,['women basketball team member no. 5'],"['the brothers grimsby', 'brothers of grimsby']",nothing,C,A
New-ch-16,Ara_268,Arab,What is the most famous sports-related movie in your country?,ما هو أشهر فيلم عن الرياضة في الجزائر؟,Sport,['ferrari'],nothing,['women basketball team member no. 5'],B,C
New-ch-83,Ara_298,Arab,Which city in your country hosts festivals the most?,أي مدينة في الجزائر تستضيف أكثر الأعياد والمهرجانات؟,Holidays/Celebration/Leisure,['edinburgh'],['tlemcen'],['shanghai'],B,B
New-ch-83,Ara_298,Arab,Which city in your country hosts festivals the most?,أي مدينة في الجزائر تستضيف أكثر الأعياد والمهرجانات؟,Holidays/Celebration/Leisure,['beijing'],['liverpool'],['oran'],C,C
New-en-08,Ara_306,Arab,What is the most popular chocolate brand in your country?,ما هي أشهر ماركة شوكولاتة في الجزائر؟,Food,['maruja'],['gold sand chocolate'],"['cadburys', 'cadbury', ""cadbury's""]",A,C
New-en-08,Ara_306,Arab,What is the most popular chocolate brand in your country?,ما هي أشهر ماركة شوكولاتة في الجزائر؟,Food,['nestle'],['moment'],['ferrero'],B,A
New-en-12,Ara_309,Arab,What food is most commonly found in food courts in your country?,ما هو الطعام الأكثر شيوعاً في مطاعم المراكز التجارية في الجزائر؟,Food,['burgers and fries (burger king)'],['pizza'],['shengjian (pan-fried bun)'],B,B
New-en-12,Ara_309,Arab,What food is most commonly found in food courts in your country?,ما هو الطعام الأكثر شيوعاً في مطاعم المراكز التجارية في الجزائر؟,Food,['roasted sausage'],['chicken'],['burgers and fries (burger king)'],B,C
New-en-38,Ara_315,Arab,Which industries are known for more flexible working hours in your country?,أي المهن معروفة بساعات العمل المرنة في الجزائر؟,Work life,['commerce'],['internet'],['retail industry'],A,C
New-en-38,Ara_315,Arab,Which industries are known for more flexible working hours in your country?,أي المهن معروفة بساعات العمل المرنة في الجزائر؟,Work life,['internet'],"['freelance professions', 'freelance jobs']",['office'],B,B
New-en-69,Ara_324,Arab,Which writers are commonly studied in literature class in your country?,من هم الكتّاب الذين تدرس أعمالهم في حصص الأدب في الجزائر؟,Education,['mouloud mammeri'],"['dickens', 'charles dickens']",['lu xun'],A,A
New-en-69,Ara_324,Arab,Which writers are commonly studied in literature class in your country?,من هم الكتّاب الذين تدرس أعمالهم في حصص الأدب في الجزائر؟,Education,"['steinbeck', 'john steinbeck']",['mouloud feraoun'],['lao she'],B,B
New-en-76,Ara_328,Arab,Which airport in your country is the busiest during the holiday season?,ما هو المطار الأكثر ازدحامًا خلال موسم العطل في الجزائر؟,Holidays/Celebration/Leisure,['beijing daxing'],['heathrow'],nothing,C,A
New-en-76,Ara_328,Arab,Which airport in your country is the busiest during the holiday season?,ما هو المطار الأكثر ازدحامًا خلال موسم العطل في الجزائر؟,Holidays/Celebration/Leisure,nothing,"['beijing capital airport', 'capital airport']",['stanstead'],A,A
New-en-79,Ara_329,Arab,Which region of your country is well known for its theatrical performances?,ما هي المنطقة الجزائرية المعروفة بالعروض المسرحية؟,Holidays/Celebration/Leisure,"['sidi bel abbès', 'sidi bel abbes']","['west end', 'west end of london', 'west end london']",['henan'],A,A
New-en-79,Ara_329,Arab,Which region of your country is well known for its theatrical performances?,ما هي المنطقة الجزائرية المعروفة بالعروض المسرحية؟,Holidays/Celebration/Leisure,['london'],['oran'],['henan'],B,B
New-ha-07,Ara_346,Arab,What food originated from your country and can be found all over the world?,ما هو الطعام الذي أصله من الجزائر ويمكن العثور عليه في جميع أنحاء العالم؟,Food,['noodles'],['potatoes'],nothing,C,A
New-ha-07,Ara_346,Arab,What food originated from your country and can be found all over the world?,ما هو الطعام الذي أصله من الجزائر ويمكن العثور عليه في جميع أنحاء العالم؟,Food,['sweet and sour chicken'],['potatoes'],nothing,C,A
New-in-63,Ara_357,Arab,What university in your country is popular because of its school of medicine? (Provide the official name.), ما هي الجامعة الجزائرية المشهورة بتخصص الطب ؟ (استعمل الاسم الرسمي.),Education,"['oxford', 'university of oxford', 'oxford university']",nothing,['peking university'],B,A
New-in-63,Ara_357,Arab,What university in your country is popular because of its school of medicine? (Provide the official name.), ما هي الجامعة الجزائرية المشهورة بتخصص الطب ؟ (استعمل الاسم الرسمي.),Education,"['ziania medical school', 'algiers faculty of medicine', 'algiers faculty of medicine - ziania', 'zianides', 'faculty of medicine']",['peking university health science center'],['cambridge'],A,A
New-ko-04,Ara_363,Arab,Which toys are most popular among boys in your country?,ما هي الألعاب الأكثر شعبية بين الأولاد في الجزائر؟,Family,['hide and seek'],['car model'],"['toy cars', 'cars']",A,A
New-ko-04,Ara_363,Arab,Which toys are most popular among boys in your country?,ما هي الألعاب الأكثر شعبية بين الأولاد في الجزائر؟,Family,"['bead balls', 'beads']",['lego'],"['football', 'footballs', 'soccer ball']",A,C
New-pe-02,Ara_370,Arab,What is the most famous edible souvenir for tourists in your country?,ما هو أشهر أكل يقدم للسياح في الجزائر؟,Food,['couscous'],['pineapple cake'],['cornish pasty'],A,A
New-pe-02,Ara_370,Arab,What is the most famous edible souvenir for tourists in your country?,ما هو أشهر أكل يقدم للسياح في الجزائر؟,Food,['cornish pasty'],nothing,['green bean cake'],B,B
New-pe-06,Ara_371,Arab,What is the most popular stew in your country?,ما هو أشهر طاجين في الجزائر؟,Food,['braised spare ribs'],['steak and ale'],['chtitha'],C,C
New-pe-06,Ara_371,Arab,What is the most popular stew in your country?,ما هو أشهر طاجين في الجزائر؟,Food,['pork stew with glass noodles'],['beef'],nothing,C,A
New-pe-53,Ara_378,Arab,What gifts do fathers get on Father's Day (or Parents' Day) in your country?,ما هي الهدايا التي يحصل عليها الآباء في عيد الأب (أو عيد الوالدين) في الجزائر؟,Family,['aftershave'],['flower'],nothing,C,C
New-pe-53,Ara_378,Arab,What gifts do fathers get on Father's Day (or Parents' Day) in your country?,ما هي الهدايا التي يحصل عليها الآباء في عيد الأب (أو عيد الوالدين) في الجزائر؟,Family,['razor'],['card'],['perfume'],C,A
New-pe-86,Ara_388,Arab,What is the name of the most famous tower in your country?,ما هو اسم أشهر برج في الجزائر؟,Holidays/Celebration/Leisure,['canton tower'],nothing,"['the blackpool tower', 'blackpool']",B,A
New-pe-86,Ara_388,Arab,What is the name of the most famous tower in your country?,ما هو اسم أشهر برج في الجزائر؟,Holidays/Celebration/Leisure,nothing,"['oriental pearl', 'pearl of the orient']","['the blackpool tower', 'blackpool']",A,B
New-spme-05,Ara_391,Arab,What are the most popular sweets in your country?,ما هي أشهر الحلويات في الجزائر؟,Food,['maltesers'],"['halwet ettabaa', 'halwet taba', 'halwet tabe', 'halwet eltaba']",['egg yolk pastry'],B,B
New-spme-05,Ara_391,Arab,What are the most popular sweets in your country?,ما هي أشهر الحلويات في الجزائر؟,Food,['egg roll'],['baklava'],['mars bar'],B,B
New-spme-65,Ara_396,Arab,What is the most popular way to celebrate Independence Day in your country?,ما هي الطريقة الشائعة للاحتفال بعيد الاستقلال في الجزائر؟,Family,nothing,"['watching fireworks', 'firework']","['set off fireworks', 'fireworks']",B,C
New-spme-65,Ara_396,Arab,What is the most popular way to celebrate Independence Day in your country?,ما هي الطريقة الشائعة للاحتفال بعيد الاستقلال في الجزائر؟,Family,"['go out for a trip', 'tourism', 'travel']",nothing,"['flag', 'hanging flags']",C,C
New-spme-76,Ara_398,Arab,What is the most popular place in your country to celebrate Independence Day?,ما هو أشهر مكان في الجزائر للاحتفال بعيد الاستقلال؟,Holidays/Celebration/Leisure,nothing,nothing,['algiers'],C,C
New-spme-76,Ara_398,Arab,What is the most popular place in your country to celebrate Independence Day?,ما هو أشهر مكان في الجزائر للاحتفال بعيد الاستقلال؟,Holidays/Celebration/Leisure,"['tiananmen square', 'tiananmen']",nothing,"['central post office square', 'central post office']",C,C
Sa-en-13,Ara_448,Arab,What is the food that is most divisive (either love or hate) in your country?,ما هو الطعام الذي يثير الانقسامات (إما الحب أو الكراهية) في الجزائر؟,Food,['brussel sprouts'],['cilantro'],"[""boiled sheep's head"", 'bozlov', 'bouzalof', 'bouzlouf']",C,C
Sa-en-13,Ara_448,Arab,What is the food that is most divisive (either love or hate) in your country?,ما هو الطعام الذي يثير الانقسامات (إما الحب أو الكراهية) في الجزائر؟,Food,['couscous'],['onion'],['zongzi'],A,A
Sa-en-37,Ara_453,Arab,What is the most popular family boardgame in your country?,ما هي أشهر لعبة عائلية في الجزائر؟,Family,['ludo'],nothing,['fight the landlord'],B,A
Sa-en-37,Ara_453,Arab,What is the most popular family boardgame in your country?,ما هي أشهر لعبة عائلية في الجزائر؟,Family,nothing,['poker'],['ludo'],A,C
Ta-pe-37,Ara_468,Arab,What is the common symbol of New Year's Eve that is usually found in your country?,ما هو الرمز المشترك ليلة رأس السنة الذي يوجد عادة في الجزائر؟,Holidays/Celebration/Leisure,nothing,"['auld lang syne', 'auld lang syne singing']","['spring festival couplets', 'chinese couplets', 'new year scrolls']",A,B
Ta-pe-37,Ara_468,Arab,What is the common symbol of New Year's Eve that is usually found in your country?,ما هو الرمز المشترك ليلة رأس السنة الذي يوجد عادة في الجزائر؟,Holidays/Celebration/Leisure,nothing,['spring festival travel rush'],['fireworks'],A,C
Th-en-27,Ara_482,Arab,What is the most important industry in your country?,ما هي أهم صناعة في الجزائر؟,Work life,['software development'],['tertiary industry'],nothing,C,A
Th-en-27,Ara_482,Arab,What is the most important industry in your country?,ما هي أهم صناعة في الجزائر؟,Work life,['finance'],['manufacturing'],['service'],B,B
Th-en-36,Ara_484,Arab,What is a popular family activity with a child to do on weekends in your country?,ما هي النشاطات العائلية الشائعة التي يمكن القيام بها مع الأطفال في عطلة نهاية الأسبوع في الجزائر؟,Family,"['football', 'soccer']",nothing,['shopping'],B,A
Th-en-36,Ara_484,Arab,What is a popular family activity with a child to do on weekends in your country?,ما هي النشاطات العائلية الشائعة التي يمكن القيام بها مع الأطفال في عطلة نهاية الأسبوع في الجزائر؟,Family,"['strolling', 'hiking', 'picnic', 'going out for a picnic to the forest or amusement parks']","['go to the zoo', 'zoo']","['go to the park', 'stroll in the park']",A,A
